<?xml version="1.0" encoding="UTF-8"?>
<!--
    Copyright (C) 2011 Craig Russell
    Author: Craig Russell <craig@craig-russell.co.uk>
    This library is free software; you can redistribute it and/or
    modify it under the terms of the GNU Library General Public
    License as published by the Free Software Foundation; either
    version 2 of the License, or (at your option) any later version.
    This library is distributed in the hope that it will be useful,
    but WITHOUT ANY WARRANTY; without even the implied warranty of
    MERCHANTABILITY or FITNESS FOR A PARTICULAR PURPOSE.  See the GNU
    Library General Public License for more details.
    You should have received a copy of the GNU Library General Public
    License along with this library; if not, write to the
    Free Software Foundation, Inc., 59 Temple Place - Suite 330,
    Boston, MA 02111-1307, USA.
-->
<style-scheme id="ubistive" _name="Ubistive" version="1.0">
    <author>tmz</author>
    <_description>qtmz</_description>

    <!-- Solarized Palette -->
    <color name="base03"  value="#000000"/>
    <color name="base02"  value="#041323"/>
    <color name="base01"  value="#233445"/>
    <color name="base00"  value="#456676"/>
    <color name="base0"   value="#839496"/>
    <color name="base1"   value="#A1A164"/>
    <color name="base2"   value="#EEE8D5"/>
    <color name="base3"   value="#FDF6E3"/>
    <color name="yellow"  value="#B58900"/>
    <color name="orange"  value="#CB4B16"/>
    <color name="red"     value="#DC322F"/>
    <color name="magenta" value="#D38662"/>
    <color name="violet"  value="#AC71C4"/>
    <color name="blue"    value="#268BD2"/>
    <color name="cyan"    value="#2AA198"/>
    <color name="green"   value="#A5AF00"/>

    <!-- Global Settings -->
    <style name="text"                        foreground="base1" background="base03"/>
    <style name="selection"                   foreground="base03" background="base00"/>
    <style name="cursor"                      foreground="base1"/>
    <style name="current-line"                background="base02"/>
    <style name="line-numbers"                foreground="base01" background="base02"/>

  
    <!-- Bracket Matching -->
    <style name="bracket-match"               foreground="base03" background="base01"/>
    <style name="bracket-mismatch"            foreground="red" background="base01"/>

    <!-- Search Matching -->
    <style name="search-match"                foreground="base03" background="yellow"/>  

    <!-- Comments -->
    <style name="def:comment"                 foreground="base01"/>
    <style name="def:shebang"                 foreground="base01" bold="true"/>
    <style name="def:doc-comment-element"     italic="true"/>

    <!-- Constants -->
    <style name="def:constant"                foreground="cyan"/>
    <style name="def:special-char"            foreground="green"/>

    <!-- Identifiers -->
    <style name="def:identifier"              foreground="blue"/>

    <!-- Statements -->
    <style name="def:statement"               foreground="orange"/>

    <!-- Types -->
    <style name="def:type"                    foreground="yellow"/>

    <!-- Operators -->
    <style name="def:operator"                foreground="green"/>
    <style name="def:bracket"                foreground="red"/>
    
    <!-- Others -->
    <style name="def:preprocessor"            foreground="violet"/>
    <style name="def:error"                   foreground="red" bold="true"/>
    <style name="def:note"                    foreground="magenta" bold="true"/>
    <style name="def:underlined"              italic="true" underline="true"/>

</style-scheme>

